Method,Called_Method,function,Method_body,option,Method_short,class_name,xml_path
"M:org.h2.mvstore.db.MVTable:<init>(org.h2.command.ddl.CreateTableData,org.h2.mvstore.db.Store)",(M)org.h2.engine.Database:getSettings(),org.h2.engine.Database:getSettings(),"public MVTable(CreateTableData data, Store store) {
        super(data);
        this.isHidden = data.isHidden;
        boolean b = false;
        for (Column col : getColumns()) {
            if (DataType.isLargeObject(col.getType().getValueType())) {
                b = true;
                break;
            }
        }
        containsLargeObject = b;
        nextAnalyze = database.getSettings().analyzeAuto;
        changesUntilAnalyze = nextAnalyze <= 0 ? null : new AtomicInteger(nextAnalyze);
        this.store = store;
        this.transactionStore = store.getTransactionStore();
        traceLock = database.getTrace(Trace.LOCK);

        primaryIndex = new MVPrimaryIndex(database, this, getId(),
                IndexColumn.wrap(getColumns()), IndexType.createScan(true));
        indexes.add(primaryIndex);
    }

    ",ANALYZE_AUTO,<init>,MVTable,../data/xml/h2/MVTable.xml
