Method,Called_Method,Jar_name,function,option,Method_short,class_name,xml_path,Method_body
M:org.prevayler.PrevaylerFactory:journal(),(O)org.prevayler.PrevaylerFactory:monitor(),prevayler-factory-2.7-SNAPSHOT,org.prevayler.PrevaylerFactory:monitor(),_monitor,journal,PrevaylerFactory,../data/xml/prevayler/PrevaylerFactory.xml,"private Journal<P> journal() throws IOException {
    if (_transientMode) {
      return new TransientJournal<P>();
    } else {
      PrevaylerDirectory directory = new PrevaylerDirectory(prevalenceDirectory());
      return new PersistentJournal<P>(directory, _journalSizeThreshold, _journalAgeThreshold, _journalDiskSync,
          journalSuffix(), monitor());
    }
  }

  "
