Jar_name_x,function,option,Method_short,class_name,xml_path,Method_body,Method,Jar_name_y
batik-all-1.14,org.apache.batik.transcoder.TranscodingHints:get(java.lang.Object),PIXEL_UNIT_TO_MILLIMETER,getPixelUnitToMillimeter,UserAgentAdapter,../data/xml/batik_call_methods/UserAgentAdapter.xml,"/**
     * Returns the size of a px CSS unit in millimeters.
     */
public float getPixelUnitToMillimeter() {
        return 0.26458333333333333333333333333333f; // 96dpi
    }

    ",(O)org.apache.batik.bridge.UserAgentAdapter:getPixelUnitToMillimeter(),batik-all-1.14
batik-all-1.14,org.apache.batik.transcoder.TranscodingHints:get(java.lang.Object),PIXEL_UNIT_TO_MILLIMETER,getPixelUnitToMillimeter,UserAgentAdapter,../data/xml/batik_call_methods/UserAgentAdapter.xml,"/**
     * Returns the size of a px CSS unit in millimeters.
     */
public float getPixelUnitToMillimeter() {
        return 0.26458333333333333333333333333333f; // 96dpi
    }

    ",(O)org.apache.batik.bridge.UserAgentAdapter:getPixelUnitToMillimeter(),batik-transcoder-1.14
